Protocol,Timestamp,Flow Duration,Tot Fwd Pkts,Tot Bwd Pkts,TotLen Fwd Pkts,TotLen Bwd Pkts,Fwd Pkt Len Max,Fwd Pkt Len Min,Fwd Pkt Len Mean,Fwd Pkt Len Std,Bwd Pkt Len Max,Bwd Pkt Len Min,Bwd Pkt Len Mean,Bwd Pkt Len Std,Flow Byts/s,Flow Pkts/s,Flow IAT Mean,Flow IAT Std,Flow IAT Max,Flow IAT Min,Fwd IAT Tot,Fwd IAT Mean,Fwd IAT Std,Fwd IAT Max,Fwd IAT Min,Bwd IAT Tot,Bwd IAT Mean,Bwd IAT Std,Bwd IAT Max,Bwd IAT Min,Fwd PSH Flags,Bwd PSH Flags,Fwd URG Flags,Bwd URG Flags,Fwd Header Len,Bwd Header Len,Fwd Pkts/s,Bwd Pkts/s,Pkt Len Min,Pkt Len Max,Pkt Len Mean,Pkt Len Std,Pkt Len Var,FIN Flag Cnt,SYN Flag Cnt,RST Flag Cnt,PSH Flag Cnt,ACK Flag Cnt,URG Flag Cnt,CWE Flag Count,ECE Flag Cnt,Down/Up Ratio,Pkt Size Avg,Fwd Seg Size Avg,Bwd Seg Size Avg,Fwd Byts/b Avg,Fwd Pkts/b Avg,Fwd Blk Rate Avg,Bwd Byts/b Avg,Bwd Pkts/b Avg,Bwd Blk Rate Avg,Subflow Fwd Pkts,Subflow Fwd Byts,Subflow Bwd Pkts,Subflow Bwd Byts,Init Fwd Win Byts,Init Bwd Win Byts,Fwd Act Data Pkts,Fwd Seg Size Min,Active Mean,Active Std,Active Max,Active Min,Idle Mean,Idle Std,Idle Max,Idle Min,Label
6,05-02-2020 13:58,245230,44,40,124937,1071,9100,0,2839.477273,1839.508257,517,0,26.775,109.1880259,513835.9907,342.5355788,2954.578313,7953.221927,64066,-44,238564,5548,10446.29576,64066,2,245230,6287.948718,12986.46879,79070,29,0,0,0,0,880,804,179.4233984,163.1121804,0,9100,1482.447059,1933.268313,3737526.369,0,1,0,0,1,0,0,0,0,1500.095238,2839.477273,26.775,0,0,0,0,0,0,44,124937,40,1071,-1,65535,41,0,0,0,0,0,0,0,0,0,Normal
6,05-02-2020 13:58,1605449,107,149,1071,439537,517,0,10.00934579,67.49667991,27300,0,2949.912752,3012.589539,274445.3421,159.4569494,6295.878431,56408.33052,859760,-102,1332121,12567.17925,83434.14155,861138,2,1603130,10831.95946,73926.65245,861129,1,0,0,0,0,2140,3004,66.64802183,92.8089276,0,27300,1714.428016,2713.465917,7362897.285,0,1,0,0,0,0,0,0,1,1721.125,10.00934579,2949.912752,0,0,0,0,0,0,107,1071,149,439537,-1,64240,4,0,0,0,0,0,0,0,0,0,Normal
6,05-02-2020 13:58,53078,5,5,66,758,66,0,13.2,29.5160973,638,0,151.6,276.8262993,15524.32269,188.4019745,5897.555556,15184.8452,46232,19,50302,12575.5,22521.87727,46251,67,52962,13240.5,22052.04405,46258,405,0,0,0,0,100,124,94.20098723,94.20098723,0,638,74.90909091,190.8074708,36407.49091,0,1,0,0,0,0,0,0,1,82.4,13.2,151.6,0,0,0,0,0,0,5,66,5,758,-1,64240,1,0,0,0,0,0,0,0,0,0,Normal
6,05-02-2020 13:58,6975,1,1,0,0,0,0,0,0,0,0,0,0,0,286.7383513,6975,0,6975,6975,0,0,0,0,0,0,0,0,0,0,0,0,0,0,20,20,143.3691756,143.3691756,0,0,0,0,0,0,0,0,0,1,0,0,0,1,0,0,0,0,0,0,0,0,0,1,0,1,0,-1,64239,0,0,0,0,0,0,0,0,0,0,Normal
6,05-02-2020 13:58,190141,13,16,780,11085,427,0,60,130.0429416,2596,0,692.8125,794.1573495,62401.06027,152.5183942,6790.75,12933.29591,38521,-54,86882,7240.166667,13050.84163,38805,1,190141,12676.06667,15949.09279,38521,1,0,0,0,0,260,344,68.37031466,84.14807958,0,2596,395.5,661.691706,437835.9138,0,1,0,0,0,0,0,0,1,409.137931,60,692.8125,0,0,0,0,0,0,13,780,16,11085,-1,64240,3,0,0,0,0,0,0,0,0,0,Normal
6,05-02-2020 13:58,4781,2,1,31,0,31,0,15.5,21.92031022,0,0,0,0,6483.999163,627.48379,2390.5,1427.648591,3400,1381,1381,1381,0,1381,1381,0,0,0,0,0,0,0,0,0,40,20,418.3225267,209.1612633,0,31,7.75,15.5,240.25,0,0,0,0,1,0,0,0,0,10.33333333,15.5,0,0,0,0,0,0,0,2,31,1,0,-1,53440,1,0,0,0,0,0,0,0,0,0,Normal
6,05-02-2020 13:58,193869,13,16,780,11085,427,0,60,130.0429416,1336,0,692.8125,647.3066475,61201.12034,149.5855449,6923.892857,13383.26289,43932,-20,81284,6773.666667,11899.54001,38755,2,193869,12924.6,16437.44606,43932,1,0,0,0,0,260,344,67.05558908,82.52995579,0,1336,395.5,573.0150597,328346.2586,0,1,0,0,0,0,0,0,1,409.137931,60,692.8125,0,0,0,0,0,0,13,780,16,11085,-1,64240,3,0,0,0,0,0,0,0,0,0,Normal
6,05-02-2020 13:58,1536,2,1,31,0,31,0,15.5,21.92031022,0,0,0,0,20182.29167,1953.125,768,94.75230868,835,701,835,835,0,835,835,0,0,0,0,0,0,0,0,0,40,20,1302.083333,651.0416667,0,31,7.75,15.5,240.25,0,0,0,0,1,0,0,0,0,10.33333333,15.5,0,0,0,0,0,0,0,2,31,1,0,-1,54776,1,0,0,0,0,0,0,0,0,0,Normal
6,05-02-2020 13:58,80,1,1,0,31,0,0,0,0,31,31,31,0,387500,25000,80,0,80,80,0,0,0,0,0,0,0,0,0,0,0,1,0,0,20,20,12500,12500,0,31,20.66666667,17.89785834,320.3333333,0,0,0,1,1,0,0,0,1,31,0,31,0,0,0,0,0,0,1,0,1,31,-1,30016,0,0,0,0,0,0,0,0,0,0,Normal
6,05-02-2020 13:58,3609,2,2,31,46,31,0,15.5,21.92031022,46,0,23,32.52691193,21335.55001,1108.34026,1203,1132.160324,2346,82,82,82,0,82,82,1181,1181,0,1181,1181,0,1,0,0,40,40,554.1701302,554.1701302,0,46,24.6,23.27659769,541.8,0,0,0,1,1,0,0,0,1,30.75,15.5,23,0,0,0,0,0,0,2,31,2,46,-1,64240,1,0,0,0,0,0,0,0,0,0,Normal
6,05-02-2020 13:58,2674,2,2,31,46,31,0,15.5,21.92031022,46,0,23,32.52691193,28795.81152,1495.886313,891.3333333,706.8587789,1434,92,92,92,0,92,92,1148,1148,0,1148,1148,0,1,0,0,40,40,747.9431563,747.9431563,0,46,24.6,23.27659769,541.8,0,0,0,1,1,0,0,0,1,30.75,15.5,23,0,0,0,0,0,0,2,31,2,46,-1,64240,1,0,0,0,0,0,0,0,0,0,Normal
6,05-02-2020 13:58,4751,2,2,31,46,31,0,15.5,21.92031022,46,0,23,32.52691193,16207.11429,841.9280152,1583.666667,1632.277346,3307,61,61,61,0,61,61,1383,1383,0,1383,1383,0,1,0,0,40,40,420.9640076,420.9640076,0,46,24.6,23.27659769,541.8,0,0,0,1,1,0,0,0,1,30.75,15.5,23,0,0,0,0,0,0,2,31,2,46,-1,64240,1,0,0,0,0,0,0,0,0,0,Normal
6,05-02-2020 13:58,4186,2,2,31,46,31,0,15.5,21.92031022,46,0,23,32.52691193,18394.64883,955.566173,1395.333333,1547.72812,3094,65,65,65,0,65,65,1027,1027,0,1027,1027,0,1,0,0,40,40,477.7830865,477.7830865,0,46,24.6,23.27659769,541.8,0,0,0,1,1,0,0,0,1,30.75,15.5,23,0,0,0,0,0,0,2,31,2,46,-1,64240,1,0,0,0,0,0,0,0,0,0,Normal
6,05-02-2020 13:58,3849,2,1,0,0,0,0,0,0,0,0,0,0,0,779.4232268,1924.5,2496.794044,3690,159,3690,3690,0,3690,3690,0,0,0,0,0,0,0,0,0,40,20,519.6154845,259.8077423,0,0,0,0,0,0,0,0,0,1,0,0,0,0,0,0,0,0,0,0,0,0,0,2,0,1,0,-1,64240,0,0,0,0,0,0,0,0,0,0,Normal
6,05-02-2020 13:58,3082,2,1,31,0,31,0,15.5,21.92031022,0,0,0,0,10058.40363,973.3939001,1541,2110.006635,3033,49,3033,3033,0,3033,3033,0,0,0,0,0,0,0,0,0,40,20,648.9292667,324.4646334,0,31,7.75,15.5,240.25,0,0,0,0,1,0,0,0,0,10.33333333,15.5,0,0,0,0,0,0,0,2,31,1,0,-1,64240,1,0,0,0,0,0,0,0,0,0,Normal
6,05-02-2020 13:58,4708,2,1,0,0,0,0,0,0,0,0,0,0,0,637.213254,2354,3073.086071,4527,181,4527,4527,0,4527,4527,0,0,0,0,0,0,0,0,0,40,20,424.808836,212.404418,0,0,0,0,0,0,0,0,0,1,0,0,0,0,0,0,0,0,0,0,0,0,0,2,0,1,0,-1,64240,0,0,0,0,0,0,0,0,0,0,Normal
6,05-02-2020 13:58,4479,2,1,0,0,0,0,0,0,0,0,0,0,0,669.7923644,2239.5,2953.585025,4328,151,4328,4328,0,4328,4328,0,0,0,0,0,0,0,0,0,40,20,446.5282429,223.2641215,0,0,0,0,0,0,0,0,0,1,0,0,0,0,0,0,0,0,0,0,0,0,0,2,0,1,0,-1,64240,0,0,0,0,0,0,0,0,0,0,Normal
6,05-02-2020 13:58,23296,2,1,0,0,0,0,0,0,0,0,0,0,0,128.7774725,11648,16042.83865,22992,304,22992,22992,0,22992,22992,0,0,0,0,0,0,0,0,0,40,20,85.85164835,42.92582418,0,0,0,0,0,0,0,0,0,1,0,0,0,0,0,0,0,0,0,0,0,0,0,2,0,1,0,-1,64240,0,0,0,0,0,0,0,0,0,0,Normal
6,05-02-2020 13:58,2626158,12,12,1071,30037,517,0,89.25,190.2267188,13000,0,2503.083333,3810.793939,11845.44113,9.138825615,114180.7826,528315.2903,2537555,28,2611350,237395.4545,763357.4923,2538883,170,2622181,238380.0909,763164.4866,2539299,145,0,0,0,0,240,264,4.569412808,4.569412808,0,13000,1244.32,2862.939176,8196420.727,0,1,0,0,0,0,0,0,1,1296.166667,89.25,2503.083333,0,0,0,0,0,0,12,1071,12,30037,-1,64240,4,0,0,0,0,0,0,0,0,0,Normal
6,05-02-2020 13:58,1191,2,1,31,46,31,0,15.5,21.92031022,46,46,46,0,64651.55332,2518.891688,595.5,403.7579721,881,310,310,310,0,310,310,0,0,0,0,0,0,1,0,0,40,20,1679.261125,839.6305626,0,46,30.75,21.68524844,470.25,0,0,0,1,1,0,0,0,0,41,15.5,46,0,0,0,0,0,0,2,31,1,46,-1,30016,1,0,0,0,0,0,0,0,0,0,Normal
6,05-02-2020 13:58,3883,3,1,0,0,0,0,0,0,0,0,0,0,0,1030.131342,1294.333333,1416.54874,2930,469,3414,1707,1729.583187,2930,484,0,0,0,0,0,0,0,0,0,60,20,772.5985063,257.5328354,0,0,0,0,0,0,0,0,0,1,0,0,0,0,0,0,0,0,0,0,0,0,0,3,0,1,0,-1,64240,0,0,0,0,0,0,0,0,0,0,Normal
6,05-02-2020 13:58,1741,2,2,31,46,31,0,15.5,21.92031022,46,0,23,32.52691193,44227.45549,2297.530155,580.3333333,505.6246961,1030,33,33,33,0,33,33,1030,1030,0,1030,1030,0,1,0,0,40,40,1148.765078,1148.765078,0,46,24.6,23.27659769,541.8,0,0,0,1,1,0,0,0,1,30.75,15.5,23,0,0,0,0,0,0,2,31,2,46,-1,64240,1,0,0,0,0,0,0,0,0,0,Normal
6,05-02-2020 13:58,3080,2,2,31,46,31,0,15.5,21.92031022,46,0,23,32.52691193,25000,1298.701299,1026.666667,877.8008506,1721,40,40,40,0,40,40,1319,1319,0,1319,1319,0,1,0,0,40,40,649.3506494,649.3506494,0,46,24.6,23.27659769,541.8,0,0,0,1,1,0,0,0,1,30.75,15.5,23,0,0,0,0,0,0,2,31,2,46,-1,64240,1,0,0,0,0,0,0,0,0,0,Normal
6,05-02-2020 13:58,2631,2,1,0,0,0,0,0,0,0,0,0,0,0,1140.250855,1315.5,1539.371463,2404,227,2404,2404,0,2404,2404,0,0,0,0,0,0,0,0,0,40,20,760.1672368,380.0836184,0,0,0,0,0,0,0,0,0,1,0,0,0,0,0,0,0,0,0,0,0,0,0,2,0,1,0,-1,64240,0,0,0,0,0,0,0,0,0,0,Normal
6,05-02-2020 13:58,2737,2,1,0,0,0,0,0,0,0,0,0,0,0,1096.09061,1368.5,1256.52875,2257,480,2257,2257,0,2257,2257,0,0,0,0,0,0,0,0,0,40,20,730.7270734,365.3635367,0,0,0,0,0,0,0,0,0,1,0,0,0,0,0,0,0,0,0,0,0,0,0,2,0,1,0,-1,64240,0,0,0,0,0,0,0,0,0,0,Normal
6,05-02-2020 13:58,5796997,9,8,1427,543,724,0,158.5555556,267.261628,190,0,67.875,85.12920852,339.8311229,2.932552837,362312.3125,1181632.86,4763295,1,5796934,724616.75,1640816.994,4763319,51,5795968,827995.4286,1743859.869,4763319,1,0,1,0,0,180,160,1.552527973,1.380024865,0,724,116.1111111,196.5888181,38647.1634,0,0,0,1,1,0,0,0,0,122.9411765,158.5555556,67.875,0,0,0,0,0,0,9,1427,8,543,-1,64240,5,0,0,0,0,0,0,0,0,0,Normal
6,05-02-2020 13:58,20659,3,1,31,0,31,0,10.33333333,17.89785834,0,0,0,0,1500.556658,193.620214,6886.333333,11348.26019,19989,183,20172,10086,14004.95691,19989,183,0,0,0,0,0,0,0,0,0,60,20,145.2151605,48.40505349,0,31,6.2,13.86362146,192.2,0,0,0,0,1,0,0,0,0,7.75,10.33333333,0,0,0,0,0,0,0,3,31,1,0,-1,64240,1,0,0,0,0,0,0,0,0,0,Normal
6,05-02-2020 13:58,48110,5,5,74,827,74,0,14.8,33.09380607,720,0,165.4,313.4737629,18727.91519,207.8569944,5345.555556,14087.67264,42824,17,45314,11328.5,21035.80431,42852,83,47999,11999.75,20579.55091,42841,616,0,0,0,0,100,124,103.9284972,103.9284972,0,720,81.90909091,214.831308,46152.49091,0,1,0,0,0,0,0,0,1,90.1,14.8,165.4,0,0,0,0,0,0,5,74,5,827,-1,64240,1,0,0,0,0,0,0,0,0,0,Normal
6,05-02-2020 13:58,1574,1,1,0,0,0,0,0,0,0,0,0,0,0,1270.64803,1574,0,1574,1574,0,0,0,0,0,0,0,0,0,0,0,0,0,0,20,20,635.3240152,635.3240152,0,0,0,0,0,0,0,0,0,1,0,0,0,1,0,0,0,0,0,0,0,0,0,1,0,1,0,-1,64239,0,0,0,0,0,0,0,0,0,0,Normal
6,05-02-2020 13:58,48089,5,5,74,827,74,0,14.8,33.09380607,720,0,165.4,313.4737629,18736.09349,207.9477635,5343.222222,13955.63061,42446,18,46097,11524.25,20682.15006,42464,77,47994,11998.5,20340.14724,42468,497,0,0,0,0,100,124,103.9738818,103.9738818,0,720,81.90909091,214.831308,46152.49091,0,1,0,0,0,0,0,0,1,90.1,14.8,165.4,0,0,0,0,0,0,5,74,5,827,-1,64240,1,0,0,0,0,0,0,0,0,0,Normal
6,05-02-2020 13:58,1168,1,1,0,0,0,0,0,0,0,0,0,0,0,1712.328767,1168,0,1168,1168,0,0,0,0,0,0,0,0,0,0,0,0,0,0,20,20,856.1643836,856.1643836,0,0,0,0,0,0,0,0,0,1,0,0,0,1,0,0,0,0,0,0,0,0,0,1,0,1,0,-1,64239,0,0,0,0,0,0,0,0,0,0,Normal
6,05-02-2020 13:58,51728,5,5,76,829,76,0,15.2,33.98823326,721,0,165.8,313.8697182,17495.36035,193.3188989,5747.555556,13914.76057,42511,16,48207,12051.75,20476.01532,42527,71,51641,12910.25,19854.05946,42545,429,0,0,0,0,100,124,96.65944943,96.65944943,0,721,82.27272727,215.1334892,46282.41818,0,1,0,0,0,0,0,0,1,90.5,15.2,165.8,0,0,0,0,0,0,5,76,5,829,-1,64240,1,0,0,0,0,0,0,0,0,0,Normal
6,05-02-2020 13:58,1226,1,1,0,0,0,0,0,0,0,0,0,0,0,1631.32137,1226,0,1226,1226,0,0,0,0,0,0,0,0,0,0,0,0,0,0,20,20,815.6606852,815.6606852,0,0,0,0,0,0,0,0,0,1,0,0,0,1,0,0,0,0,0,0,0,0,0,1,0,1,0,-1,64239,0,0,0,0,0,0,0,0,0,0,Normal
6,05-02-2020 13:58,50435,5,5,76,829,76,0,15.2,33.98823326,721,0,165.8,313.8697182,17943.88817,198.2750074,5603.888889,13735.09268,42041,21,47126,11781.5,20249.83617,42063,141,49358,12339.5,19862.72423,42062,493,0,0,0,0,100,124,99.13750372,99.13750372,0,721,82.27272727,215.1334892,46282.41818,0,1,0,0,0,0,0,0,1,90.5,15.2,165.8,0,0,0,0,0,0,5,76,5,829,-1,64240,1,0,0,0,0,0,0,0,0,0,Normal
6,05-02-2020 13:58,1192,1,1,0,0,0,0,0,0,0,0,0,0,0,1677.852349,1192,0,1192,1192,0,0,0,0,0,0,0,0,0,0,0,0,0,0,20,20,838.9261745,838.9261745,0,0,0,0,0,0,0,0,0,1,0,0,0,1,0,0,0,0,0,0,0,0,0,1,0,1,0,-1,64239,0,0,0,0,0,0,0,0,0,0,Normal
6,05-02-2020 13:58,992,0,3,0,123,0,0,0,0,77,0,41,38.74274126,123991.9355,3024.193548,496,250.3158005,673,319,0,0,0,0,0,992,496,250.3158005,673,319,0,1,0,0,0,60,0,3024.193548,0,77,50,36.39597047,1324.666667,1,0,0,1,1,0,0,0,0,66.66666667,0,41,0,0,0,0,0,0,0,0,3,123,-1,48180,0,0,0,0,0,0,0,0,0,0,Normal
6,05-02-2020 13:58,5847120,6,5,599,152,517,0,99.83333333,205.4511296,152,0,30.4,67.97646652,128.4393,1.881268043,584712,1836536.398,5811559,24,5831628,1166325.6,2597511.647,5812881,44,35517,8879.25,7058.073834,15468,2128,0,0,0,0,120,124,1.026146205,0.855121838,0,517,62.58333333,149.8347322,22450.44697,0,1,0,0,0,0,0,0,0,68.27272727,99.83333333,30.4,0,0,0,0,0,0,6,599,5,152,-1,64240,3,0,35517,0,35517,35517,5811559,0,5811559,5811559,Normal
6,05-02-2020 13:58,5914429,6,5,599,156,517,0,99.83333333,205.4511296,156,0,31.2,69.7653209,127.6539122,1.859858323,591442.9,1865628.044,5901111,17,5909491,1181898.2,2639098.798,5902860,35,13283,3320.75,1548.558981,4913,1743,0,0,0,0,120,124,1.014468176,0.845390147,0,517,62.91666667,150.0560249,22516.81061,0,1,0,0,0,0,0,0,0,68.63636364,99.83333333,31.2,0,0,0,0,0,0,6,599,5,156,-1,64240,3,0,13283,0,13283,13283,5901111,0,5901111,5901111,Normal
6,05-02-2020 13:58,5823826,6,5,599,152,517,0,99.83333333,205.4511296,152,0,30.4,67.97646652,128.9530285,1.888792694,582382.6,1815248.433,5748552,15,5808271,1161654.2,2564910.736,5749823,36,75238,18809.5,15303.21214,39214,2221,0,0,0,0,120,124,1.03025056,0.858542134,0,517,62.58333333,149.8347322,22450.44697,0,1,0,0,0,0,0,0,0,68.27272727,99.83333333,30.4,0,0,0,0,0,0,6,599,5,152,-1,64240,3,0,75238,0,75238,75238,5748552,0,5748552,5748552,Normal
6,05-02-2020 13:58,2048,2,1,31,0,31,0,15.5,21.92031022,0,0,0,0,15136.71875,1464.84375,1024,1135.613491,1827,221,1827,1827,0,1827,1827,0,0,0,0,0,0,0,0,0,40,20,976.5625,488.28125,0,31,7.75,15.5,240.25,0,0,0,0,1,0,0,0,0,10.33333333,15.5,0,0,0,0,0,0,0,2,31,1,0,-1,64240,1,0,0,0,0,0,0,0,0,0,Normal
6,05-02-2020 13:58,9769,2,2,31,46,31,0,15.5,21.92031022,46,0,23,32.52691193,7882.075955,409.4584911,3256.333333,4368.433396,8231,46,46,46,0,46,46,1492,1492,0,1492,1492,0,1,0,0,40,40,204.7292456,204.7292456,0,46,24.6,23.27659769,541.8,0,0,0,1,1,0,0,0,1,30.75,15.5,23,0,0,0,0,0,0,2,31,2,46,-1,64240,1,0,0,0,0,0,0,0,0,0,Normal
6,05-02-2020 13:58,2561,2,1,0,0,0,0,0,0,0,0,0,0,0,1171.417415,1280.5,1371.080049,2250,311,2250,2250,0,2250,2250,0,0,0,0,0,0,0,0,0,40,20,780.9449434,390.4724717,0,0,0,0,0,0,0,0,0,1,0,0,0,0,0,0,0,0,0,0,0,0,0,2,0,1,0,-1,64240,0,0,0,0,0,0,0,0,0,0,Normal
6,05-02-2020 13:58,13802,2,1,31,0,31,0,15.5,21.92031022,0,0,0,0,2246.051297,217.3598029,6901,9560.083682,13661,141,13661,13661,0,13661,13661,0,0,0,0,0,0,0,0,0,40,20,144.9065353,72.45326764,0,31,7.75,15.5,240.25,0,0,0,0,1,0,0,0,0,10.33333333,15.5,0,0,0,0,0,0,0,2,31,1,0,-1,64240,1,0,0,0,0,0,0,0,0,0,Normal
6,05-02-2020 13:58,45014,3,2,31,0,31,0,10.33333333,17.89785834,0,0,0,0,688.6746346,111.076554,11253.5,22278.65045,44671,20,44732,22366,31544.03351,44671,61,44973,44973,0,44973,44973,0,0,0,0,60,40,66.64593238,44.43062158,0,31,5.166666667,12.655697,160.1666667,0,0,0,0,1,0,0,0,0,6.2,10.33333333,0,0,0,0,0,0,0,3,31,2,0,-1,0,1,0,0,0,0,0,0,0,0,0,Normal
6,05-02-2020 13:58,5101432,6,9,1472,3720,613,0,245.3333333,282.4504676,2836,0,413.3333333,928.5799642,1017.753446,2.940350866,364388,1322704.881,4959747,23,119968,23993.6,27927.59321,69652,478,5101432,637679,1763475.838,5001984,1707,0,0,0,0,120,204,1.176140346,1.76421052,0,2836,324.5,707.620614,500726.9333,0,1,0,0,0,0,0,0,1,346.1333333,245.3333333,413.3333333,0,0,0,0,0,0,6,1472,9,3720,-1,64240,3,0,0,0,0,0,0,0,0,0,Normal
0,10-01-2020 05:56,135,0,2,0,0,0,0,0,0,0,0,0,0,0,14814.81481,135,0,135,135,0,0,0,0,0,135,135,0,135,135,0,0,0,0,0,0,0,14814.81481,0,0,0,0,0,0,0,0,0,0,0,0,0,0,0,0,0,0,0,0,0,0,0,0,0,2,0,-1,-1,0,0,0,0,0,0,0,0,0,0,DDoS
0,10-01-2020 05:57,93,0,2,0,0,0,0,0,0,0,0,0,0,0,21505.37634,93,0,93,93,0,0,0,0,0,93,93,0,93,93,0,0,0,0,0,0,0,21505.37634,0,0,0,0,0,0,0,0,0,0,0,0,0,0,0,0,0,0,0,0,0,0,0,0,0,2,0,-1,-1,0,0,0,0,0,0,0,0,0,0,DDoS
0,10-01-2020 05:57,34,0,2,0,0,0,0,0,0,0,0,0,0,0,58823.52941,34,0,34,34,0,0,0,0,0,34,34,0,34,34,0,0,0,0,0,0,0,58823.52941,0,0,0,0,0,0,0,0,0,0,0,0,0,0,0,0,0,0,0,0,0,0,0,0,0,2,0,-1,-1,0,0,0,0,0,0,0,0,0,0,DDoS
0,10-01-2020 05:56,14,0,2,0,0,0,0,0,0,0,0,0,0,0,142857.1429,14,0,14,14,0,0,0,0,0,14,14,0,14,14,0,0,0,0,0,0,0,142857.1429,0,0,0,0,0,0,0,0,0,0,0,0,0,0,0,0,0,0,0,0,0,0,0,0,0,2,0,-1,-1,0,0,0,0,0,0,0,0,0,0,DDoS
0,10-01-2020 05:56,84,0,2,0,0,0,0,0,0,0,0,0,0,0,23809.52381,84,0,84,84,0,0,0,0,0,84,84,0,84,84,0,0,0,0,0,0,0,23809.52381,0,0,0,0,0,0,0,0,0,0,0,0,0,0,0,0,0,0,0,0,0,0,0,0,0,2,0,-1,-1,0,0,0,0,0,0,0,0,0,0,DDoS
0,10-01-2020 05:57,19,0,2,0,0,0,0,0,0,0,0,0,0,0,105263.1579,19,0,19,19,0,0,0,0,0,19,19,0,19,19,0,0,0,0,0,0,0,105263.1579,0,0,0,0,0,0,0,0,0,0,0,0,0,0,0,0,0,0,0,0,0,0,0,0,0,2,0,-1,-1,0,0,0,0,0,0,0,0,0,0,DDoS
0,10-01-2020 05:56,20,0,2,0,0,0,0,0,0,0,0,0,0,0,100000,20,0,20,20,0,0,0,0,0,20,20,0,20,20,0,0,0,0,0,0,0,100000,0,0,0,0,0,0,0,0,0,0,0,0,0,0,0,0,0,0,0,0,0,0,0,0,0,2,0,-1,-1,0,0,0,0,0,0,0,0,0,0,DDoS
0,10-01-2020 05:56,11,0,2,0,0,0,0,0,0,0,0,0,0,0,181818.1818,11,0,11,11,0,0,0,0,0,11,11,0,11,11,0,0,0,0,0,0,0,181818.1818,0,0,0,0,0,0,0,0,0,0,0,0,0,0,0,0,0,0,0,0,0,0,0,0,0,2,0,-1,-1,0,0,0,0,0,0,0,0,0,0,DDoS
0,10-01-2020 05:56,25,0,2,0,0,0,0,0,0,0,0,0,0,0,80000,25,0,25,25,0,0,0,0,0,25,25,0,25,25,0,0,0,0,0,0,0,80000,0,0,0,0,0,0,0,0,0,0,0,0,0,0,0,0,0,0,0,0,0,0,0,0,0,2,0,-1,-1,0,0,0,0,0,0,0,0,0,0,DDoS
0,10-01-2020 05:57,13,0,2,0,0,0,0,0,0,0,0,0,0,0,153846.1538,13,0,13,13,0,0,0,0,0,13,13,0,13,13,0,0,0,0,0,0,0,153846.1538,0,0,0,0,0,0,0,0,0,0,0,0,0,0,0,0,0,0,0,0,0,0,0,0,0,2,0,-1,-1,0,0,0,0,0,0,0,0,0,0,DDoS
0,10-01-2020 05:57,18,0,2,0,0,0,0,0,0,0,0,0,0,0,111111.1111,18,0,18,18,0,0,0,0,0,18,18,0,18,18,0,0,0,0,0,0,0,111111.1111,0,0,0,0,0,0,0,0,0,0,0,0,0,0,0,0,0,0,0,0,0,0,0,0,0,2,0,-1,-1,0,0,0,0,0,0,0,0,0,0,DDoS
0,10-01-2020 05:57,18,0,2,0,0,0,0,0,0,0,0,0,0,0,111111.1111,18,0,18,18,0,0,0,0,0,18,18,0,18,18,0,0,0,0,0,0,0,111111.1111,0,0,0,0,0,0,0,0,0,0,0,0,0,0,0,0,0,0,0,0,0,0,0,0,0,2,0,-1,-1,0,0,0,0,0,0,0,0,0,0,DDoS
0,10-01-2020 05:57,23,0,2,0,0,0,0,0,0,0,0,0,0,0,86956.52174,23,0,23,23,0,0,0,0,0,23,23,0,23,23,0,0,0,0,0,0,0,86956.52174,0,0,0,0,0,0,0,0,0,0,0,0,0,0,0,0,0,0,0,0,0,0,0,0,0,2,0,-1,-1,0,0,0,0,0,0,0,0,0,0,DDoS
0,10-01-2020 05:57,15,0,2,0,0,0,0,0,0,0,0,0,0,0,133333.3333,15,0,15,15,0,0,0,0,0,15,15,0,15,15,0,0,0,0,0,0,0,133333.3333,0,0,0,0,0,0,0,0,0,0,0,0,0,0,0,0,0,0,0,0,0,0,0,0,0,2,0,-1,-1,0,0,0,0,0,0,0,0,0,0,DDoS
6,09-01-2020 17:32,6,0,2,0,0,0,0,0,0,0,0,0,0,0,333333.3333,6,0,6,6,0,0,0,0,0,6,6,0,6,6,0,0,0,0,0,60,0,333333.3333,0,0,0,0,0,0,1,0,0,0,0,0,0,0,0,0,0,0,0,0,0,0,0,0,0,2,0,-1,0,0,0,0,0,0,0,0,0,0,0,Probe
6,09-01-2020 17:32,7,0,2,0,0,0,0,0,0,0,0,0,0,0,285714.2857,7,0,7,7,0,0,0,0,0,7,7,0,7,7,0,0,0,0,0,60,0,285714.2857,0,0,0,0,0,0,1,0,0,0,0,0,0,0,0,0,0,0,0,0,0,0,0,0,0,2,0,-1,0,0,0,0,0,0,0,0,0,0,0,Probe
6,09-01-2020 17:32,11,0,2,0,0,0,0,0,0,0,0,0,0,0,181818.1818,11,0,11,11,0,0,0,0,0,11,11,0,11,11,0,0,0,0,0,60,0,181818.1818,0,0,0,0,0,0,1,0,0,0,0,0,0,0,0,0,0,0,0,0,0,0,0,0,0,2,0,-1,0,0,0,0,0,0,0,0,0,0,0,Probe
6,09-01-2020 17:32,7,0,2,0,0,0,0,0,0,0,0,0,0,0,285714.2857,7,0,7,7,0,0,0,0,0,7,7,0,7,7,0,0,0,0,0,60,0,285714.2857,0,0,0,0,0,0,1,0,0,0,0,0,0,0,0,0,0,0,0,0,0,0,0,0,0,2,0,-1,0,0,0,0,0,0,0,0,0,0,0,Probe
6,09-01-2020 17:32,7,0,2,0,0,0,0,0,0,0,0,0,0,0,285714.2857,7,0,7,7,0,0,0,0,0,7,7,0,7,7,0,0,0,0,0,60,0,285714.2857,0,0,0,0,0,0,1,0,0,0,0,0,0,0,0,0,0,0,0,0,0,0,0,0,0,2,0,-1,0,0,0,0,0,0,0,0,0,0,0,Probe
6,09-01-2020 17:32,7,0,2,0,0,0,0,0,0,0,0,0,0,0,285714.2857,7,0,7,7,0,0,0,0,0,7,7,0,7,7,0,0,0,0,0,60,0,285714.2857,0,0,0,0,0,0,1,0,0,0,0,0,0,0,0,0,0,0,0,0,0,0,0,0,0,2,0,-1,0,0,0,0,0,0,0,0,0,0,0,Probe
6,09-01-2020 17:48,15,0,2,0,0,0,0,0,0,0,0,0,0,0,133333.3333,15,0,15,15,0,0,0,0,0,15,15,0,15,15,0,0,0,0,0,40,0,133333.3333,0,0,0,0,0,0,1,0,0,0,0,0,0,0,0,0,0,0,0,0,0,0,0,0,0,2,0,-1,0,0,0,0,0,0,0,0,0,0,0,Probe
6,09-01-2020 17:32,15,0,2,0,0,0,0,0,0,0,0,0,0,0,133333.3333,15,0,15,15,0,0,0,0,0,15,15,0,15,15,0,0,0,0,0,60,0,133333.3333,0,0,0,0,0,0,1,0,0,0,0,0,0,0,0,0,0,0,0,0,0,0,0,0,0,2,0,-1,0,0,0,0,0,0,0,0,0,0,0,Probe
6,09-01-2020 17:32,9,0,2,0,0,0,0,0,0,0,0,0,0,0,222222.2222,9,0,9,9,0,0,0,0,0,9,9,0,9,9,0,0,0,0,0,60,0,222222.2222,0,0,0,0,0,0,1,0,0,0,0,0,0,0,0,0,0,0,0,0,0,0,0,0,0,2,0,-1,0,0,0,0,0,0,0,0,0,0,0,Probe
6,09-01-2020 17:34,21,0,2,0,0,0,0,0,0,0,0,0,0,0,95238.09524,21,0,21,21,0,0,0,0,0,21,21,0,21,21,0,0,0,0,0,40,0,95238.09524,0,0,0,0,0,0,1,0,0,0,0,0,0,0,0,0,0,0,0,0,0,0,0,0,0,2,0,-1,0,0,0,0,0,0,0,0,0,0,0,Probe
6,09-01-2020 17:32,5,0,2,0,0,0,0,0,0,0,0,0,0,0,400000,5,0,5,5,0,0,0,0,0,5,5,0,5,5,0,0,0,0,0,60,0,400000,0,0,0,0,0,0,1,0,0,0,0,0,0,0,0,0,0,0,0,0,0,0,0,0,0,2,0,-1,0,0,0,0,0,0,0,0,0,0,0,Probe
6,09-01-2020 17:44,15,0,2,0,0,0,0,0,0,0,0,0,0,0,133333.3333,15,0,15,15,0,0,0,0,0,15,15,0,15,15,0,0,0,0,0,40,0,133333.3333,0,0,0,0,0,0,1,0,0,0,0,0,0,0,0,0,0,0,0,0,0,0,0,0,0,2,0,-1,0,0,0,0,0,0,0,0,0,0,0,Probe
6,09-01-2020 17:40,16,0,2,0,0,0,0,0,0,0,0,0,0,0,125000,16,0,16,16,0,0,0,0,0,16,16,0,16,16,0,0,0,0,0,40,0,125000,0,0,0,0,0,0,1,0,0,0,0,0,0,0,0,0,0,0,0,0,0,0,0,0,0,2,0,-1,0,0,0,0,0,0,0,0,0,0,0,Probe
6,09-01-2020 17:42,16,0,2,0,0,0,0,0,0,0,0,0,0,0,125000,16,0,16,16,0,0,0,0,0,16,16,0,16,16,0,0,0,0,0,40,0,125000,0,0,0,0,0,0,1,0,0,0,0,0,0,0,0,0,0,0,0,0,0,0,0,0,0,2,0,-1,0,0,0,0,0,0,0,0,0,0,0,Probe
6,09-01-2020 17:32,5,0,2,0,0,0,0,0,0,0,0,0,0,0,400000,5,0,5,5,0,0,0,0,0,5,5,0,5,5,0,0,0,0,0,60,0,400000,0,0,0,0,0,0,1,0,0,0,0,0,0,0,0,0,0,0,0,0,0,0,0,0,0,2,0,-1,0,0,0,0,0,0,0,0,0,0,0,Probe
6,09-01-2020 17:32,7,0,2,0,0,0,0,0,0,0,0,0,0,0,285714.2857,7,0,7,7,0,0,0,0,0,7,7,0,7,7,0,0,0,0,0,60,0,285714.2857,0,0,0,0,0,0,1,0,0,0,0,0,0,0,0,0,0,0,0,0,0,0,0,0,0,2,0,-1,0,0,0,0,0,0,0,0,0,0,0,Probe
6,09-01-2020 17:42,40,0,2,0,0,0,0,0,0,0,0,0,0,0,50000,40,0,40,40,0,0,0,0,0,40,40,0,40,40,0,0,0,0,0,40,0,50000,0,0,0,0,0,0,1,0,0,0,0,0,0,0,0,0,0,0,0,0,0,0,0,0,0,2,0,-1,0,0,0,0,0,0,0,0,0,0,0,Probe
6,10-01-2020 20:57,265711,4,5,138,23,120,0,34.5,57.62811814,23,0,4.6,10.2859127,605.9214711,33.87138658,33213.875,90707.81958,257697,33,260364,86788,150232.892,260262,33,265711,66427.75,127513.9011,257697,1937,0,0,0,0,128,176,15.05394959,18.81743699,0,120,16.1,37.50688826,1406.766667,0,1,0,0,0,0,0,0,1,17.88888889,34.5,4.6,0,0,0,0,0,0,4,138,5,23,-1,64,2,0,0,0,0,0,0,0,0,0,U2R
6,10-01-2020 20:57,269307,2,3,0,23,0,0,0,0,23,0,7.666666667,13.27905619,85.40438979,18.56617169,67326.75,129561.7757,261663,1480,263847,263847,0,263847,263847,267123,133561.5,186791.4486,265643,1480,0,0,0,0,64,112,7.426468677,11.13970302,0,23,3.833333333,9.389710681,88.16666667,0,1,0,0,0,0,0,0,1,4.6,0,7.666666667,0,0,0,0,0,0,2,0,3,23,-1,64,0,0,0,0,0,0,0,0,0,0,U2R
6,10-01-2020 16:52,8734991,3,4,24,3,24,0,8,13.85640646,3,0,0.75,1.5,3.09101635,0.801374609,1455831.833,3563097.455,8728974,760,8730996,4365498,6172319.537,8729987,1009,8734991,2911663.667,5038596.742,8729734,2056,0,0,0,0,96,144,0.343446261,0.457928348,0,24,3.375,8.399617338,70.55357143,0,1,0,0,0,0,0,0,1,3.857142857,8,0.75,0,0,0,0,0,0,3,24,4,3,-1,64,1,0,2816,0,2816,2816,8728974,0,8728974,8728974,U2R
6,10-01-2020 16:52,11684506,6,6,236,236,236,0,39.33333333,96.34659655,104,0,39.33333333,45.33725473,40.39537487,1.027001056,1062227.818,2979842.919,9992159,281,11700000,2335873.2,4303501.163,9999515,281,11100000,2216213.4,4367323.765,9992159,1087,0,0,0,0,192,208,0.513500528,0.513500528,0,236,36.30769231,69.59332417,4843.230769,0,1,0,0,0,0,0,0,1,39.33333333,39.33333333,39.33333333,0,0,0,0,0,0,6,236,6,236,-1,215,1,0,1010213,0,1010213,1010213,9992159,0,9992159,9992159,U2R
17,10-01-2020 16:52,3994924,1,1,44,44,44,44,44,0,44,44,44,0,22.02795347,0.500635306,3994924,0,3994924,3994924,0,0,0,0,0,0,0,0,0,0,0,0,0,0,8,8,0.250317653,0.250317653,44,44,44,0,0,0,0,0,0,0,0,0,0,1,66,44,44,0,0,0,0,0,0,1,44,1,44,-1,-1,1,0,0,0,0,0,0,0,0,0,U2R
6,10-01-2020 20:36,1552453,6,5,375,140,287,0,62.5,115.4777035,101,0,28,44.16446535,331.7330702,7.085560722,155245.3,477040.4045,1512724,125,1549171,309834.2,672538.5056,1512724,763,37890,9472.5,15383.52288,32413,125,0,0,0,0,192,176,3.864851303,3.220709419,0,287,42.91666667,85.13781163,7248.44697,0,1,0,0,0,0,0,0,0,46.81818182,62.5,28,0,0,0,0,0,0,6,375,5,140,-1,215,2,0,0,0,0,0,0,0,0,0,U2R
6,10-01-2020 20:36,273133,2,3,0,23,0,0,0,0,23,0,7.666666667,13.27905619,84.20805981,18.30609996,68283.25,129261.3959,262154,2300,264454,264454,0,264454,264454,270833,135416.5,182496.482,264461,6372,0,0,0,0,64,112,7.322439983,10.98365998,0,23,3.833333333,9.389710681,88.16666667,0,1,0,0,0,0,0,0,1,4.6,0,7.666666667,0,0,0,0,0,0,2,0,3,23,-1,64,0,0,0,0,0,0,0,0,0,0,U2R
6,10-01-2020 20:36,267969,6,7,138,23,42,0,23,19.7787765,23,0,3.285714286,8.693182879,600.815766,48.51307427,22330.75,69749.76154,243731,82,263376,52675.2,108592.0736,246862,82,267969,44661.5,97563.19975,243731,2229,0,0,0,0,192,240,22.39064966,26.12242461,0,42,11.5,17.11387202,292.8846154,0,1,0,0,0,0,0,0,1,12.38461538,23,3.285714286,0,0,0,0,0,0,6,138,7,23,-1,64,4,0,0,0,0,0,0,0,0,0,U2R
6,10-01-2020 04:41,1552555,6,5,60,60,30,0,10,15.49193338,30,0,12,16.43167673,77.29194779,7.085095214,155255.5,477139.3325,1513036,22,1549467,309893.4,672679.3078,1513036,807,36310,9077.5,15533.34058,32222,22,0,0,0,0,192,176,3.864597389,3.220497825,0,30,10,14.77097892,218.1818182,0,1,0,0,0,0,0,0,0,10.90909091,10,12,0,0,0,0,0,0,6,60,5,60,-1,215,2,0,0,0,0,0,0,0,0,0,U2R
6,10-01-2020 04:41,272141,2,3,0,23,0,0,0,0,23,0,7.666666667,13.27905619,84.51501244,18.37282879,68035.25,131058.5414,264551,19,264570,264570,0,264570,264570,272122,136061,181744.8275,264574,7548,0,0,0,0,64,112,7.349131516,11.02369727,0,23,3.833333333,9.389710681,88.16666667,0,1,0,0,0,0,0,0,1,4.6,0,7.666666667,0,0,0,0,0,0,2,0,3,23,-1,64,0,0,0,0,0,0,0,0,0,0,U2R
6,10-01-2020 04:41,270361,6,7,108,23,30,0,18,14.69693846,23,0,3.285714286,8.693182879,484.5373408,48.08385825,22530.08333,69623.20745,243521,9,262392,52478.4,108062.9193,245727,197,270361,45060.16667,97349.94577,243709,2224,0,0,0,0,192,240,22.19254996,25.89130829,0,30,9.357142857,13.37970416,179.0164835,0,1,0,0,0,0,0,0,1,10.07692308,18,3.285714286,0,0,0,0,0,0,6,108,7,23,-1,64,4,0,0,0,0,0,0,0,0,0,U2R
6,12-01-2020 01:14,4045,2,5,476,1803,476,0,238,336.5828278,1803,0,360.6,806.3261127,563411.6193,1730.53152,674.1666667,940.9100736,2194,20,211,211,0,211,211,4045,1011.25,1166.922555,2425,46,0,0,0,0,64,176,494.4375773,1236.093943,0,1803,284.875,635.6273476,404022.125,0,1,0,0,0,0,0,0,2,325.5714286,238,360.6,0,0,0,0,0,0,2,476,5,1803,-1,59,1,0,0,0,0,0,0,0,0,0,BFA
6,12-01-2020 01:14,4045,2,5,476,1803,476,0,238,336.5828278,1803,0,360.6,806.3261127,563411.6193,1730.53152,674.1666667,940.9100736,2194,20,211,211,0,211,211,4045,1011.25,1166.922555,2425,46,0,0,0,0,64,176,494.4375773,1236.093943,0,1803,284.875,635.6273476,404022.125,0,1,0,0,0,0,0,0,2,325.5714286,238,360.6,0,0,0,0,0,0,2,476,5,1803,-1,59,1,0,0,0,0,0,0,0,0,0,BFA
6,12-01-2020 01:14,4045,2,5,476,1803,476,0,238,336.5828278,1803,0,360.6,806.3261127,563411.6193,1730.53152,674.1666667,940.9100736,2194,20,211,211,0,211,211,4045,1011.25,1166.922555,2425,46,0,0,0,0,64,176,494.4375773,1236.093943,0,1803,284.875,635.6273476,404022.125,0,1,0,0,0,0,0,0,2,325.5714286,238,360.6,0,0,0,0,0,0,2,476,5,1803,-1,59,1,0,0,0,0,0,0,0,0,0,BFA
6,12-01-2020 01:14,4045,2,5,476,1803,476,0,238,336.5828278,1803,0,360.6,806.3261127,563411.6193,1730.53152,674.1666667,940.9100736,2194,20,211,211,0,211,211,4045,1011.25,1166.922555,2425,46,0,0,0,0,64,176,494.4375773,1236.093943,0,1803,284.875,635.6273476,404022.125,0,1,0,0,0,0,0,0,2,325.5714286,238,360.6,0,0,0,0,0,0,2,476,5,1803,-1,59,1,0,0,0,0,0,0,0,0,0,BFA
6,12-01-2020 01:14,4045,2,5,476,1803,476,0,238,336.5828278,1803,0,360.6,806.3261127,563411.6193,1730.53152,674.1666667,940.9100736,2194,20,211,211,0,211,211,4045,1011.25,1166.922555,2425,46,0,0,0,0,64,176,494.4375773,1236.093943,0,1803,284.875,635.6273476,404022.125,0,1,0,0,0,0,0,0,2,325.5714286,238,360.6,0,0,0,0,0,0,2,476,5,1803,-1,59,1,0,0,0,0,0,0,0,0,0,BFA
6,12-01-2020 01:14,4045,2,5,476,1803,476,0,238,336.5828278,1803,0,360.6,806.3261127,563411.6193,1730.53152,674.1666667,940.9100736,2194,20,211,211,0,211,211,4045,1011.25,1166.922555,2425,46,0,0,0,0,64,176,494.4375773,1236.093943,0,1803,284.875,635.6273476,404022.125,0,1,0,0,0,0,0,0,2,325.5714286,238,360.6,0,0,0,0,0,0,2,476,5,1803,-1,59,1,0,0,0,0,0,0,0,0,0,BFA
6,12-01-2020 01:14,4045,2,5,476,1803,476,0,238,336.5828278,1803,0,360.6,806.3261127,563411.6193,1730.53152,674.1666667,940.9100736,2194,20,211,211,0,211,211,4045,1011.25,1166.922555,2425,46,0,0,0,0,64,176,494.4375773,1236.093943,0,1803,284.875,635.6273476,404022.125,0,1,0,0,0,0,0,0,2,325.5714286,238,360.6,0,0,0,0,0,0,2,476,5,1803,-1,59,1,0,0,0,0,0,0,0,0,0,BFA
6,12-01-2020 01:14,4045,2,5,476,1803,476,0,238,336.5828278,1803,0,360.6,806.3261127,563411.6193,1730.53152,674.1666667,940.9100736,2194,20,211,211,0,211,211,4045,1011.25,1166.922555,2425,46,0,0,0,0,64,176,494.4375773,1236.093943,0,1803,284.875,635.6273476,404022.125,0,1,0,0,0,0,0,0,2,325.5714286,238,360.6,0,0,0,0,0,0,2,476,5,1803,-1,59,1,0,0,0,0,0,0,0,0,0,BFA
6,12-01-2020 01:14,4045,2,5,476,1803,476,0,238,336.5828278,1803,0,360.6,806.3261127,563411.6193,1730.53152,674.1666667,940.9100736,2194,20,211,211,0,211,211,4045,1011.25,1166.922555,2425,46,0,0,0,0,64,176,494.4375773,1236.093943,0,1803,284.875,635.6273476,404022.125,0,1,0,0,0,0,0,0,2,325.5714286,238,360.6,0,0,0,0,0,0,2,476,5,1803,-1,59,1,0,0,0,0,0,0,0,0,0,BFA
6,12-01-2020 01:14,4045,2,5,476,1803,476,0,238,336.5828278,1803,0,360.6,806.3261127,563411.6193,1730.53152,674.1666667,940.9100736,2194,20,211,211,0,211,211,4045,1011.25,1166.922555,2425,46,0,0,0,0,64,176,494.4375773,1236.093943,0,1803,284.875,635.6273476,404022.125,0,1,0,0,0,0,0,0,2,325.5714286,238,360.6,0,0,0,0,0,0,2,476,5,1803,-1,59,1,0,0,0,0,0,0,0,0,0,BFA
6,12-01-2020 01:14,4045,2,5,476,1803,476,0,238,336.5828278,1803,0,360.6,806.3261127,563411.6193,1730.53152,674.1666667,940.9100736,2194,20,211,211,0,211,211,4045,1011.25,1166.922555,2425,46,0,0,0,0,64,176,494.4375773,1236.093943,0,1803,284.875,635.6273476,404022.125,0,1,0,0,0,0,0,0,2,325.5714286,238,360.6,0,0,0,0,0,0,2,476,5,1803,-1,59,1,0,0,0,0,0,0,0,0,0,BFA
6,12-01-2020 01:14,4045,2,5,476,1803,476,0,238,336.5828278,1803,0,360.6,806.3261127,563411.6193,1730.53152,674.1666667,940.9100736,2194,20,211,211,0,211,211,4045,1011.25,1166.922555,2425,46,0,0,0,0,64,176,494.4375773,1236.093943,0,1803,284.875,635.6273476,404022.125,0,1,0,0,0,0,0,0,2,325.5714286,238,360.6,0,0,0,0,0,0,2,476,5,1803,-1,59,1,0,0,0,0,0,0,0,0,0,BFA
6,12-01-2020 01:14,4045,2,5,476,1803,476,0,238,336.5828278,1803,0,360.6,806.3261127,563411.6193,1730.53152,674.1666667,940.9100736,2194,20,211,211,0,211,211,4045,1011.25,1166.922555,2425,46,0,0,0,0,64,176,494.4375773,1236.093943,0,1803,284.875,635.6273476,404022.125,0,1,0,0,0,0,0,0,2,325.5714286,238,360.6,0,0,0,0,0,0,2,476,5,1803,-1,59,1,0,0,0,0,0,0,0,0,0,BFA
6,12-01-2020 01:14,4045,2,5,476,1803,476,0,238,336.5828278,1803,0,360.6,806.3261127,563411.6193,1730.53152,674.1666667,940.9100736,2194,20,211,211,0,211,211,4045,1011.25,1166.922555,2425,46,0,0,0,0,64,176,494.4375773,1236.093943,0,1803,284.875,635.6273476,404022.125,0,1,0,0,0,0,0,0,2,325.5714286,238,360.6,0,0,0,0,0,0,2,476,5,1803,-1,59,1,0,0,0,0,0,0,0,0,0,BFA
6,12-01-2020 01:14,4045,2,5,476,1803,476,0,238,336.5828278,1803,0,360.6,806.3261127,563411.6193,1730.53152,674.1666667,940.9100736,2194,20,211,211,0,211,211,4045,1011.25,1166.922555,2425,46,0,0,0,0,64,176,494.4375773,1236.093943,0,1803,284.875,635.6273476,404022.125,0,1,0,0,0,0,0,0,2,325.5714286,238,360.6,0,0,0,0,0,0,2,476,5,1803,-1,59,1,0,0,0,0,0,0,0,0,0,BFA
6,12-01-2020 01:14,4045,2,5,476,1803,476,0,238,336.5828278,1803,0,360.6,806.3261127,563411.6193,1730.53152,674.1666667,940.9100736,2194,20,211,211,0,211,211,4045,1011.25,1166.922555,2425,46,0,0,0,0,64,176,494.4375773,1236.093943,0,1803,284.875,635.6273476,404022.125,0,1,0,0,0,0,0,0,2,325.5714286,238,360.6,0,0,0,0,0,0,2,476,5,1803,-1,59,1,0,0,0,0,0,0,0,0,0,BFA
6,12-01-2020 01:14,4045,2,5,476,1803,476,0,238,336.5828278,1803,0,360.6,806.3261127,563411.6193,1730.53152,674.1666667,940.9100736,2194,20,211,211,0,211,211,4045,1011.25,1166.922555,2425,46,0,0,0,0,64,176,494.4375773,1236.093943,0,1803,284.875,635.6273476,404022.125,0,1,0,0,0,0,0,0,2,325.5714286,238,360.6,0,0,0,0,0,0,2,476,5,1803,-1,59,1,0,0,0,0,0,0,0,0,0,BFA
6,12-01-2020 01:14,4045,2,5,476,1803,476,0,238,336.5828278,1803,0,360.6,806.3261127,563411.6193,1730.53152,674.1666667,940.9100736,2194,20,211,211,0,211,211,4045,1011.25,1166.922555,2425,46,0,0,0,0,64,176,494.4375773,1236.093943,0,1803,284.875,635.6273476,404022.125,0,1,0,0,0,0,0,0,2,325.5714286,238,360.6,0,0,0,0,0,0,2,476,5,1803,-1,59,1,0,0,0,0,0,0,0,0,0,BFA
6,12-01-2020 01:14,4045,2,5,476,1803,476,0,238,336.5828278,1803,0,360.6,806.3261127,563411.6193,1730.53152,674.1666667,940.9100736,2194,20,211,211,0,211,211,4045,1011.25,1166.922555,2425,46,0,0,0,0,64,176,494.4375773,1236.093943,0,1803,284.875,635.6273476,404022.125,0,1,0,0,0,0,0,0,2,325.5714286,238,360.6,0,0,0,0,0,0,2,476,5,1803,-1,59,1,0,0,0,0,0,0,0,0,0,BFA
6,12-01-2020 01:14,4045,2,5,476,1803,476,0,238,336.5828278,1803,0,360.6,806.3261127,563411.6193,1730.53152,674.1666667,940.9100736,2194,20,211,211,0,211,211,4045,1011.25,1166.922555,2425,46,0,0,0,0,64,176,494.4375773,1236.093943,0,1803,284.875,635.6273476,404022.125,0,1,0,0,0,0,0,0,2,325.5714286,238,360.6,0,0,0,0,0,0,2,476,5,1803,-1,59,1,0,0,0,0,0,0,0,0,0,BFA
6,12-01-2020 01:14,4045,2,5,476,1803,476,0,238,336.5828278,1803,0,360.6,806.3261127,563411.6193,1730.53152,674.1666667,940.9100736,2194,20,211,211,0,211,211,4045,1011.25,1166.922555,2425,46,0,0,0,0,64,176,494.4375773,1236.093943,0,1803,284.875,635.6273476,404022.125,0,1,0,0,0,0,0,0,2,325.5714286,238,360.6,0,0,0,0,0,0,2,476,5,1803,-1,59,1,0,0,0,0,0,0,0,0,0,BFA
6,12-01-2020 01:14,4045,2,5,476,1803,476,0,238,336.5828278,1803,0,360.6,806.3261127,563411.6193,1730.53152,674.1666667,940.9100736,2194,20,211,211,0,211,211,4045,1011.25,1166.922555,2425,46,0,0,0,0,64,176,494.4375773,1236.093943,0,1803,284.875,635.6273476,404022.125,0,1,0,0,0,0,0,0,2,325.5714286,238,360.6,0,0,0,0,0,0,2,476,5,1803,-1,59,1,0,0,0,0,0,0,0,0,0,BFA
6,12-01-2020 01:14,4045,2,5,476,1803,476,0,238,336.5828278,1803,0,360.6,806.3261127,563411.6193,1730.53152,674.1666667,940.9100736,2194,20,211,211,0,211,211,4045,1011.25,1166.922555,2425,46,0,0,0,0,64,176,494.4375773,1236.093943,0,1803,284.875,635.6273476,404022.125,0,1,0,0,0,0,0,0,2,325.5714286,238,360.6,0,0,0,0,0,0,2,476,5,1803,-1,59,1,0,0,0,0,0,0,0,0,0,BFA
6,12-01-2020 01:14,4045,2,5,476,1803,476,0,238,336.5828278,1803,0,360.6,806.3261127,563411.6193,1730.53152,674.1666667,940.9100736,2194,20,211,211,0,211,211,4045,1011.25,1166.922555,2425,46,0,0,0,0,64,176,494.4375773,1236.093943,0,1803,284.875,635.6273476,404022.125,0,1,0,0,0,0,0,0,2,325.5714286,238,360.6,0,0,0,0,0,0,2,476,5,1803,-1,59,1,0,0,0,0,0,0,0,0,0,BFA
6,12-01-2020 01:14,4045,2,5,476,1803,476,0,238,336.5828278,1803,0,360.6,806.3261127,563411.6193,1730.53152,674.1666667,940.9100736,2194,20,211,211,0,211,211,4045,1011.25,1166.922555,2425,46,0,0,0,0,64,176,494.4375773,1236.093943,0,1803,284.875,635.6273476,404022.125,0,1,0,0,0,0,0,0,2,325.5714286,238,360.6,0,0,0,0,0,0,2,476,5,1803,-1,59,1,0,0,0,0,0,0,0,0,0,BFA
6,12-01-2020 01:14,4045,2,5,476,1803,476,0,238,336.5828278,1803,0,360.6,806.3261127,563411.6193,1730.53152,674.1666667,940.9100736,2194,20,211,211,0,211,211,4045,1011.25,1166.922555,2425,46,0,0,0,0,64,176,494.4375773,1236.093943,0,1803,284.875,635.6273476,404022.125,0,1,0,0,0,0,0,0,2,325.5714286,238,360.6,0,0,0,0,0,0,2,476,5,1803,-1,59,1,0,0,0,0,0,0,0,0,0,BFA
6,12-01-2020 01:14,4045,2,5,476,1803,476,0,238,336.5828278,1803,0,360.6,806.3261127,563411.6193,1730.53152,674.1666667,940.9100736,2194,20,211,211,0,211,211,4045,1011.25,1166.922555,2425,46,0,0,0,0,64,176,494.4375773,1236.093943,0,1803,284.875,635.6273476,404022.125,0,1,0,0,0,0,0,0,2,325.5714286,238,360.6,0,0,0,0,0,0,2,476,5,1803,-1,59,1,0,0,0,0,0,0,0,0,0,BFA
6,12-01-2020 01:14,4045,2,5,476,1803,476,0,238,336.5828278,1803,0,360.6,806.3261127,563411.6193,1730.53152,674.1666667,940.9100736,2194,20,211,211,0,211,211,4045,1011.25,1166.922555,2425,46,0,0,0,0,64,176,494.4375773,1236.093943,0,1803,284.875,635.6273476,404022.125,0,1,0,0,0,0,0,0,2,325.5714286,238,360.6,0,0,0,0,0,0,2,476,5,1803,-1,59,1,0,0,0,0,0,0,0,0,0,BFA
6,12-01-2020 01:14,4045,2,5,476,1803,476,0,238,336.5828278,1803,0,360.6,806.3261127,563411.6193,1730.53152,674.1666667,940.9100736,2194,20,211,211,0,211,211,4045,1011.25,1166.922555,2425,46,0,0,0,0,64,176,494.4375773,1236.093943,0,1803,284.875,635.6273476,404022.125,0,1,0,0,0,0,0,0,2,325.5714286,238,360.6,0,0,0,0,0,0,2,476,5,1803,-1,59,1,0,0,0,0,0,0,0,0,0,BFA
6,12-01-2020 01:14,4045,2,5,476,1803,476,0,238,336.5828278,1803,0,360.6,806.3261127,563411.6193,1730.53152,674.1666667,940.9100736,2194,20,211,211,0,211,211,4045,1011.25,1166.922555,2425,46,0,0,0,0,64,176,494.4375773,1236.093943,0,1803,284.875,635.6273476,404022.125,0,1,0,0,0,0,0,0,2,325.5714286,238,360.6,0,0,0,0,0,0,2,476,5,1803,-1,59,1,0,0,0,0,0,0,0,0,0,BFA
6,12-01-2020 01:14,4045,2,5,476,1803,476,0,238,336.5828278,1803,0,360.6,806.3261127,563411.6193,1730.53152,674.1666667,940.9100736,2194,20,211,211,0,211,211,4045,1011.25,1166.922555,2425,46,0,0,0,0,64,176,494.4375773,1236.093943,0,1803,284.875,635.6273476,404022.125,0,1,0,0,0,0,0,0,2,325.5714286,238,360.6,0,0,0,0,0,0,2,476,5,1803,-1,59,1,0,0,0,0,0,0,0,0,0,BFA
6,12-01-2020 01:14,4045,2,5,476,1803,476,0,238,336.5828278,1803,0,360.6,806.3261127,563411.6193,1730.53152,674.1666667,940.9100736,2194,20,211,211,0,211,211,4045,1011.25,1166.922555,2425,46,0,0,0,0,64,176,494.4375773,1236.093943,0,1803,284.875,635.6273476,404022.125,0,1,0,0,0,0,0,0,2,325.5714286,238,360.6,0,0,0,0,0,0,2,476,5,1803,-1,59,1,0,0,0,0,0,0,0,0,0,BFA
6,12-01-2020 01:14,4045,2,5,476,1803,476,0,238,336.5828278,1803,0,360.6,806.3261127,563411.6193,1730.53152,674.1666667,940.9100736,2194,20,211,211,0,211,211,4045,1011.25,1166.922555,2425,46,0,0,0,0,64,176,494.4375773,1236.093943,0,1803,284.875,635.6273476,404022.125,0,1,0,0,0,0,0,0,2,325.5714286,238,360.6,0,0,0,0,0,0,2,476,5,1803,-1,59,1,0,0,0,0,0,0,0,0,0,BFA
6,12-01-2020 01:14,4045,2,5,476,1803,476,0,238,336.5828278,1803,0,360.6,806.3261127,563411.6193,1730.53152,674.1666667,940.9100736,2194,20,211,211,0,211,211,4045,1011.25,1166.922555,2425,46,0,0,0,0,64,176,494.4375773,1236.093943,0,1803,284.875,635.6273476,404022.125,0,1,0,0,0,0,0,0,2,325.5714286,238,360.6,0,0,0,0,0,0,2,476,5,1803,-1,59,1,0,0,0,0,0,0,0,0,0,BFA
6,12-01-2020 01:14,4045,2,5,476,1803,476,0,238,336.5828278,1803,0,360.6,806.3261127,563411.6193,1730.53152,674.1666667,940.9100736,2194,20,211,211,0,211,211,4045,1011.25,1166.922555,2425,46,0,0,0,0,64,176,494.4375773,1236.093943,0,1803,284.875,635.6273476,404022.125,0,1,0,0,0,0,0,0,2,325.5714286,238,360.6,0,0,0,0,0,0,2,476,5,1803,-1,59,1,0,0,0,0,0,0,0,0,0,BFA
6,12-01-2020 01:14,4045,2,5,476,1803,476,0,238,336.5828278,1803,0,360.6,806.3261127,563411.6193,1730.53152,674.1666667,940.9100736,2194,20,211,211,0,211,211,4045,1011.25,1166.922555,2425,46,0,0,0,0,64,176,494.4375773,1236.093943,0,1803,284.875,635.6273476,404022.125,0,1,0,0,0,0,0,0,2,325.5714286,238,360.6,0,0,0,0,0,0,2,476,5,1803,-1,59,1,0,0,0,0,0,0,0,0,0,BFA
